,HDFS,Hadoop,Spark,Zookeeper,BGL,HPC,Thunderbird,Windows,Linux,Andriod,HealthApp,Apache,Proxifier,OpenSSH,OpenStack,Mac
Accuracy_PA,0.9975,0.869,0.905,0.921,0.957,0.903,0.941,0.6895,0.6725,0.6815,0.5675,1.0,0.495,0.538,0.7575,0.7635
Accuracy_ExactMatching,0.0,0.1085,0.1935,0.496,0.341,0.6435,0.157,0.154,0.196,0.5305,0.1635,0.6935,0.0,0.247,0.0185,0.172
Edit_distance,8.82,13.0895,3.861,3.028,5.014,1.405,19.034,11.975,10.7475,6.655,19.087,10.2175,9.278,4.9605,17.1425,19.534
Edit_distance_std,12.921633023731946,12.745959742208509,6.172169715748264,8.133401256546978,10.76233264678248,6.4801986852256315,85.9699240665013,10.515007132665199,6.094074478540609,12.120766271156292,15.63120056169711,15.731090036930052,3.95761493831828,3.9740331843103673,22.291011501275577,33.549930610956565
