,HDFS,Spark,BGL,HPC,Windows,Andriod,HealthApp,Apache,OpenStack,Mac
Accuracy_PA,0.9975,0.92,0.9625,0.887,0.997,0.911,0.78,1.0,0.7325,0.7865
Accuracy_ExactMatching,0.0,0.1935,0.341,0.6195,0.159,0.709,0.238,0.6935,0.0185,0.224
Edit_distance,8.8195,3.5325,4.9295,2.0155,6.172,3.221,18.4965,10.2175,28.3855,19.8815
Edit_distance_std,12.890303322653041,5.236023658273519,10.660184320639113,7.083943799184181,7.698143672340755,10.875714183445607,15.967090772899114,15.731090036930052,24.984072721435954,46.04059575798298
