,HDFS,Hadoop,Spark,Zookeeper,BGL,HPC,Thunderbird,Windows,Linux,Andriod,HealthApp,Apache,Proxifier,OpenSSH,OpenStack,Mac
Accuracy_PA,0.9975,0.885,0.8835,0.8405,0.6895,0.8295,0.943,0.5655,0.701,0.8795,0.174,1.0,0.508,0.925,0.7425,0.698
Accuracy_ExactMatching,0.0,0.084,0.004,0.4515,0.082,0.632,0.149,0.1535,0.1395,0.714,0.1365,0.0,0.0,0.1325,0.0185,0.132
Edit_distance,10.762,17.4845,10.945,5.2005,8.373,2.9055,13.1975,20.6615,11.8085,3.2555,16.539,13.552,12.1785,8.0655,18.535,19.9835
Edit_distance_std,12.812273646781042,17.13592016058665,7.330005115960016,9.039928083231636,10.348375283106039,8.109535729621024,15.818327779825527,14.30856099508263,6.475942228741698,10.19162498083598,17.39484058564493,13.628473722321221,5.1923634069660425,8.054266555683391,22.56565476559455,36.494098533187525
