,HDFS,Spark,BGL,HPC,Windows,Andriod,HealthApp,Apache,OpenStack,Mac
Accuracy_PA,0.885,0.9935,0.854,0.8165,0.588,0.616,0.5485,1.0,0.2,0.599
Accuracy_ExactMatching,0.0,0.1905,0.23,0.609,0.1415,0.3965,0.149,0.6875,0.0075,0.101
Edit_distance,30.819,9.1785,12.524,3.1825,10.2385,9.998,20.274,10.3675,28.1385,41.804
Edit_distance_std,21.71147712616532,11.552559792098027,24.34315969630894,8.256160957127713,15.158615297908975,15.419403230994384,16.87693467428253,15.768114781101767,23.42166342833062,63.09098655117069
