,HDFS,Hadoop,Spark,Zookeeper,BGL,HPC,Thunderbird,Windows,Linux,Andriod,HealthApp,Apache,Proxifier,OpenSSH,OpenStack,Mac
Accuracy_PA,1.0,0.0,0.002,0.4375,0.6455,0.574,0.8125,0.9895,0.5015,0.9085,0.5915,1.0,0.495,0.4255,0.787,0.0
Accuracy_ExactMatching,0.0,0.0,0.0,0.288,0.082,0.3605,0.04,0.1485,0.028,0.2925,0.133,0.0,0.0,0.0695,0.0105,0.0
Edit_distance,17.9405,66.333,41.9175,25.459,12.582,7.649,17.3615,11.8335,20.892,12.3505,14.6675,14.7115,20.5945,9.139,29.173,79.679
Edit_distance_std,3.763503653512243,38.9840366175695,18.668092932862745,24.421042545313252,18.786518464047564,12.563868791100932,10.83968716107619,11.455120154324005,6.996237274421159,15.550262047631223,10.69069425949503,12.964731688315032,7.688177270979124,4.395415680001153,15.616371889782851,70.6777543432161


Edit_distance,17.9405,41.9175,12.582,7.649,11.8335,12.3505,14.6675,14.7115,29.173,79.679