,HDFS,Hadoop,Spark,Zookeeper,BGL,HPC,Thunderbird,Windows,Linux,Andriod,HealthApp,Apache,Proxifier,OpenSSH,OpenStack,Mac
Accuracy_PA,0.546,0.563,0.7985,0.7315,0.835,0.7875,0.5985,0.713,0.6285,0.7975,0.5305,0.7085,0.478,0.4255,0.6955,0.6035
Accuracy_ExactMatching,0.0,0.0865,0.0065,0.4515,0.067,0.632,0.1305,0.153,0.133,0.292,0.138,0.0,0.0,0.0695,0.0105,0.162
Edit_distance,28.3405,21.788,17.082,6.5135,12.955,3.5795,23.2385,6.967,14.57,16.4175,16.8455,16.2765,26.7165,9.9355,31.486,21.3275
Edit_distance_std,78.78732486732876,15.75937993704067,14.32586039300956,7.2197519174830385,18.905554078100966,8.301847971987923,85.70810123757263,7.952729782911023,8.345963096012348,31.954470637924825,15.042527372419835,12.583006308112541,13.70365381020697,5.3401628954555305,18.462497230873186,38.84307201741386
