,HDFS,Hadoop,Spark,Zookeeper,BGL,HPC,Thunderbird,Windows,Linux,Andriod,HealthApp,Apache,Proxifier,OpenSSH,OpenStack,Mac
Accuracy_PA,0.8505,0.8695,0.5755,0.6875,0.7245,0.784,0.9185,0.9925,0.6115,0.504,0.6865,1.0,0.5165,0.4305,0.743,0.876
Accuracy_ExactMatching,0.0,0.106,0.038,0.4515,0.1055,0.632,0.1355,0.156,0.123,0.1745,0.222,0.6935,0.0,0.0695,0.0105,0.2285
Edit_distance,16.2495,13.348,16.004,5.44,19.271,3.2185,19.524,6.919,14.435,22.5325,19.5045,10.2655,16.312,8.841,23.9795,17.062
Edit_distance_std,7.249913775349332,13.202760923382654,13.301390303272813,9.980450891618073,33.87370010790082,8.010790082757131,85.93269124145944,7.365014528159465,8.156578633226067,20.066189068928857,16.335788311250855,15.747127031620721,3.144146307028348,4.1095886655479275,10.519366889219143,34.5670530418779
