,HDFS,Spark,BGL,HPC,Windows,Andriod,HealthApp,Apache,OpenStack,Mac
Accuracy_PA,0.508,0.5435,0.232,0.382,0.6815,0.541,0.092,0.7305,0.8385,0.5175
Accuracy_ExactMatching,0.0,0.0,0.081,0.5335,0.148,0.256,0.122,0.0,0.0105,0.1235
Edit_distance,19.1595,13.0615,11.542,4.4475,7.6645,16.9295,17.112,14.442,21.881,27.923
Edit_distance_std,4.608585439155924,8.54147046766539,26.99704124529205,7.416821674410137,8.432611680256597,28.49327165753347,15.225454213257482,13.192976767962566,11.483764147700004,59.30844856342138
