,HDFS,Hadoop,Spark,Zookeeper,BGL,HPC,Thunderbird,Windows,Linux,Andriod,HealthApp,Apache,Proxifier,OpenSSH,OpenStack,Mac
Accuracy_PA,0.9975,0.886,0.2895,0.9645,0.9495,0.8235,0.658,0.7085,0.285,0.6615,0.4395,1.0,0.0,0.54,0.213,0.6325
Accuracy_ExactMatching,0.0,0.0805,0.0025,0.451,0.08,0.632,0.0295,0.003,0.031,0.0365,0.033,0.0,0.0,0.0,0.0,0.033
Edit_distance,19.843,22.136,14.188,5.097,10.925,3.871,25.5215,14.163,22.913,39.27,21.6485,10.099,35.8665,18.441,67.885,28.716
Edit_distance_std,22.07689631719097,15.502403168541322,9.127741012977964,7.580606242247384,14.282659941341459,8.708809275670239,85.51599580049337,18.264376009051063,15.72092335074502,42.67429085526788,19.198410031822945,3.5403670713642112,18.136308272357965,8.079945482489347,35.516922375115776,39.619065410481355
