,HDFS,Hadoop,Spark,Zookeeper,BGL,HPC,Thunderbird,Windows,Linux,Andriod,HealthApp,Apache,Proxifier,OpenSSH,OpenStack,Mac
Accuracy_PA,0.9975,0.867,0.906,0.66,0.711,0.3245,0.576,0.7005,0.6715,0.585,0.397,1.0,0.5165,0.619,0.7215,0.595
Accuracy_ExactMatching,0.0,0.084,0.004,0.4285,0.0645,0.2255,0.1105,0.151,0.1485,0.463,0.041,0.0,0.0,0.1325,0.0185,0.163
Edit_distance,10.1145,17.434,7.91,5.7905,8.6305,7.8535,16.959,5.6245,11.3805,10.1505,24.431,12.4405,11.2205,5.499,18.582,19.8105
Edit_distance_std,12.82054561046448,16.334155748002406,5.05478980769725,9.758822149726882,16.071153342246472,7.90930071182023,29.682390722446865,9.45433761561327,6.982458002021924,16.288150593299413,14.723594635821785,14.313925378805076,4.418243966781373,4.713172922777182,22.740190764371352,35.51454053975639
