,HDFS,Hadoop,Spark,Zookeeper,BGL,HPC,Thunderbird,Windows,Linux,Andriod,HealthApp,Apache,Proxifier,OpenSSH,OpenStack,Mac
Accuracy_PA,0.545,0.422,0.685,0.7255,0.5725,0.8385,0.882,0.6965,0.2965,0.8815,0.331,0.7305,0.518,0.521,0.867,0.5575
Accuracy_ExactMatching,0.0,0.0735,0.543,0.451,0.207,0.661,0.539,0.14,0.1785,0.745,0.3225,0.424,0.0,0.298,0.119,0.1485
Edit_distance,13.641,35.5995,6.0275,5.1705,9.841,2.625,4.928,7.0065,12.172,3.758,16.2365,11.026,9.5135,6.4465,20.9855,34.56
Edit_distance_std,8.374193632822207,34.393023998334314,12.196874343453736,8.108848854800538,21.30471119259775,7.69684188482523,11.554082222314328,14.281612575266141,13.39128134272445,12.969750807166651,19.08435400400024,15.255075352157391,3.4885265872571476,10.058237308296121,25.482529108194893,62.81883793894949
