,HDFS,Hadoop,Spark,Zookeeper,BGL,HPC,Thunderbird,Windows,Linux,Andriod,HealthApp,Apache,Proxifier,OpenSSH,OpenStack,Mac
Accuracy_PA,1.0,0.7775,0.905,0.9635,0.7865,0.654,0.8435,0.9885,0.605,0.9185,0.639,1.0,0.5265,0.554,0.764,0.7565
Accuracy_ExactMatching,0.0,0.1055,0.192,0.452,0.1965,0.5295,0.0255,0.0035,0.1095,0.245,0.152,0.6935,0.0,0.1905,0.0,0.0325
Edit_distance,9.274,19.4875,6.129,3.545,7.9005,5.129,20.9095,4.4055,13.9835,8.668,8.5345,10.2335,12.5315,7.3365,27.984,22.593
Edit_distance_std,4.086431695256877,14.591670355034752,7.901161876584987,8.173431042102209,17.202778838024976,8.572943426851714,83.93666248874803,5.418677859958091,7.542561086925315,13.429399688742606,10.405037710167127,15.73543700537103,4.919553612879932,7.986818374672108,24.095616696818528,41.461528565647455
