,BGL,Andriod,OpenStack,HDFS,Apache,HPC,Windows,HealthApp,Mac,Spark
Accuracy_PA,0.9805,0.8275,0.9895,0.9975,1.0,0.9455,0.9975,0.8745,0.8215,1.0
Accuracy_ExactMatching,0.853,0.7125,0.3365,0.4345,0.56,0.827,0.3845,0.3395,0.277,0.2055
Edit_distance_mean,3.204,12.08,5.523,2.9595,4.486,1.1905,6.2075,11.6915,21.2605,2.892
Edit_distance_std,17.761851930471668,53.548759089263676,7.243788442520945,17.53747016390905,5.099196407278307,4.875265095356354,7.855153960935457,10.737426495673905,46.79538053857453,4.842451445290908
