,BGL,Andriod,OpenStack,HDFS,Apache,HPC,Windows,HealthApp,Mac,Spark
Accuracy_PA,0.97,0.824,1.0,0.9965,1.0,0.9045,1.0,0.876,0.8315,0.998
Accuracy_ExactMatching,0.8645,0.7075,0.358,0.4345,0.56,0.8255,0.3865,0.339,0.2765,0.205
Edit_distance_mean,2.6775,12.5365,5.424,2.9655,4.486,1.2895,6.255,11.6515,21.5755,2.921
Edit_distance_std,16.915096622544016,56.83075459423356,7.309256049694798,18.070647740189056,5.099196407278307,5.203142295767049,8.325561542622816,10.659645760999753,50.73929739117403,5.393306870557247
