,BGL,Andriod,OpenStack,HDFS,Apache,HPC,Windows,HealthApp,Mac,Spark
Accuracy_PA,0.9655,0.8275,0.9925,0.9975,1.0,0.944,0.9935,0.8765,0.8235,0.998
Accuracy_ExactMatching,0.844,0.7085,0.3685,0.4345,0.56,0.829,0.3845,0.343,0.279,0.205
Edit_distance_mean,2.8475,12.208,5.401,2.951,4.486,1.1975,6.1405,11.579,21.461,2.898
Edit_distance_std,13.18932309673245,54.603303343296005,7.289526665017421,17.620629926310805,5.099196407278307,5.126255334062088,7.659553495472175,10.670087113046455,50.03527234861423,5.143694780991579
