,BGL,Andriod,OpenStack,HDFS,Apache,HPC,Windows,HealthApp,Mac,Spark
Accuracy_PA,0.9945,0.822,0.968,0.9975,1.0,0.9425,0.9945,0.8755,0.825,0.998
Accuracy_ExactMatching,0.857,0.7055,0.3645,0.4355,0.56,0.8265,0.3895,0.3405,0.2745,0.205
Edit_distance_mean,2.802,12.2275,5.4195,2.81,4.486,1.1765,6.0585,11.616,21.483,2.946
Edit_distance_std,17.841659003579238,54.041315155628844,7.317548752827001,13.633594537025076,5.099196407278307,4.792530412005749,7.664990394644993,10.634403791468518,49.78595897439357,5.530107051405063
