,BGL,Andriod,OpenStack,HDFS,Apache,HPC,Windows,HealthApp,Mac,Spark
Accuracy_PA,0.9715,0.826,0.914,0.9975,1.0,0.8985,0.996,0.8755,0.8235,0.998
Accuracy_ExactMatching,0.844,0.708,0.28,0.4355,0.56,0.8275,0.3915,0.341,0.278,0.2045
Edit_distance_mean,2.915,11.9575,7.5675,2.938,4.486,1.226,6.1015,11.6515,21.3385,2.941
Edit_distance_std,17.979899193265794,53.1552884833673,9.574102764750334,17.516168416637242,5.099196407278307,5.23888575939579,8.086049576276416,10.68400897369522,49.636165421494844,5.417335045942792
