,BGL,Andriod,OpenStack,HDFS,Apache,HPC,Windows,HealthApp,Mac,Spark
Accuracy_PA,0.9765,0.8225,0.524,0.9975,1.0,0.9435,0.9965,0.8755,0.818,0.998
Accuracy_ExactMatching,0.8495,0.7045,0.364,0.4345,0.56,0.829,0.385,0.3425,0.269,0.2045
Edit_distance_mean,3.049,11.466,5.7085,2.965,4.486,1.157,6.2595,11.642,21.4395,2.8675
Edit_distance_std,17.15064427361258,49.73271402205997,7.497634810391874,17.920624291580914,5.099196407278307,4.87589489222235,8.450749064432099,10.73223350472771,50.20113882921383,4.226694186950364
