,BGL,Andriod,OpenStack,HDFS,Apache,HPC,Windows,HealthApp,Mac,Spark
Accuracy_PA,0.9945,0.823,0.9895,0.9975,1.0,0.9425,0.9935,0.8755,0.8235,0.998
Accuracy_ExactMatching,0.8575,0.7115,0.291,0.4345,0.56,0.8265,0.386,0.3405,0.263,0.2045
Edit_distance_mean,2.6485,11.8475,6.386,2.9535,4.486,1.223,6.212,11.617,22.2065,2.9295
Edit_distance_std,16.73445391251235,54.447711097437335,7.466257697133149,17.662710373835612,5.099196407278307,5.104730257320165,7.887525340688294,10.642100873417805,51.3582306719186,5.300238650287362
