,BGL,Andriod,OpenStack,HDFS,Apache,HPC,Windows,HealthApp,Mac,Spark
Accuracy_PA,0.993,0.818,0.5345,0.9965,1.0,0.944,1.0,0.876,0.8325,0.996
Accuracy_ExactMatching,0.8145,0.6635,0.3425,0.4355,0.56,0.829,0.39,0.3415,0.278,0.205
Edit_distance_mean,3.863,10.8325,5.7285,2.9315,4.486,1.1735,6.1065,11.649,19.383,2.8115
Edit_distance_std,19.446805161774,40.46295149578192,7.593601763985258,17.464558618814277,5.099196407278307,4.940283164961296,8.076518912873293,10.7864173384864,42.84214409900606,3.842651135609372
